"Index","SampleId","S3Key","Filename","SHA256","TriangleCount","Units","ModelDimensions","SemanticType","PartCount","JointCount","JointArchetypes","MaleComponents","FemaleComponents","AssemblyDirection","ClearanceEvidence","WallThicknessEvidence","DraftUndercutEvidence","EvidenceImageOrExport","AnalysisStatus","ReviewerNotes"
"1","59496","dreamplastic-cly-20260801/raw/59496/3D/59496.cly","01_59496_59496.cly","0fe005afed7abdba670f87cbee6ed3f1d7fba3f7974617047e358ea5d3c42b55","733808","mm","14.0920 21.5800 13.6760","","","","","","","","","","","","NOT_ANALYZED",""
"2","65017","dreamplastic-cly-20260801/raw/65017/3D/65017a-mu.cly","02_65017_65017a-mu.cly","d090b36ce42e28268248f466f958c496ba130bce3b36937470f2f35bab4402cb","2471796","mm","45.8432 45.8432 33.8624","","","","","","","","","","","","NOT_ANALYZED",""
"3","64365a-c","dreamplastic-cly-20260801/raw/64365a-c/3D/64365a-c.cly","03_64365a-c_64365a-c.cly","56281f365d3166600df969ee36501e783afbb6ce48fa3a397885ea64a26f1a7b","3612588","mm","28.6520 41.0326 26.1560","","","","","","","","","","","","NOT_ANALYZED",""
"4","65018","dreamplastic-cly-20260801/raw/65018/3D/65018a-1.cly","04_65018_65018a-1.cly","ee20c45e01c7b684c8076360a8ac769ae9c125584d3801dfba18a804ce435a10","1231128","mm","40.9072 40.2428 30.2510","","","","","","","","","","","","NOT_ANALYZED",""
"5","64367a-c","dreamplastic-cly-20260801/raw/64367a-c/3D/64367a-c.cly","05_64367a-c_64367a-c.cly","5111bcb6cb9d665d7ca960416557ba3a4d9a0a46a6f63b6b7ad4ce2453dc0624","4954116","mm","27.8200 56.4317 26.5720","","","","","","","","","","","","NOT_ANALYZED",""
"6","62401k","dreamplastic-cly-20260801/raw/62401k/3D/62401k.cly","06_62401k_62401k.cly","78022c1398c4dd4a93ab89dfe425deefccdb85b8a42f488a523baf02517ffe08","5503220","mm","157.7576 73.8920 28.4648","","","","","","","","","","","","NOT_ANALYZED",""
"7","63265","dreamplastic-cly-20260801/raw/63265/3D/63265.cly","07_63265_63265.cly","81a11602ed2476e3055eaa9eb2e707bc1d5a1563ddfaf284b18d8b13acaa62ac","5306484","mm","38.3760 48.7497 31.8864","","","","","","","","","","","","NOT_ANALYZED",""
"8","62401b","dreamplastic-cly-20260801/raw/62401b/3D/62401b.cly","08_62401b_62401b.cly","0f2dbd0f18807f1d6cee12a41fc37871d77147b6972e5e006e43ce99faa8e4f2","6607296","mm","182.5632 83.7165 62.2440","","","","","","","","","","","","NOT_ANALYZED",""
"9","66805a","dreamplastic-cly-20260801/raw/66805a/3D/66805a.cly","09_66805a_66805a.cly","57b073e87e1a647a3080a07fe04d8d35d6fa632de7d532a1b853431de9183478","6451996","mm","39.6640 108.4047 34.5685","","","","","","","","","","","","NOT_ANALYZED",""
"10","65542","dreamplastic-cly-20260801/raw/65542/3D/65542.cly","10_65542_65542.cly","2dd68121aa64557d3f3689c03c06d383e556fc2c838827500aca8bdabb60fa8a","2143736","mm","37.4338 41.9640 33.2280","","","","","","","","","","","","NOT_ANALYZED",""
"11","62090q","dreamplastic-cly-20260801/raw/62090q/3D/62090q.cly","11_62090q_62090q.cly","ea6797778b29935e17e43d8d580e23e177cd61cf9c71bf3c999673bf229736ac","7540320","mm","34.9024 42.2240 28.9120","","","","","","","","","","","","NOT_ANALYZED",""
"12","63206c","dreamplastic-cly-20260801/raw/63206c/3D/63206c.cly","12_63206c_63206c.cly","0d89262c1144d363856d0a0954ce6b6e1fe6db94d06a4c25853fce85c2ef54ed","1442544","mm","36.6054 52.7788 24.2352","","","","","","","","","","","","NOT_ANALYZED",""
"13","62093r","dreamplastic-cly-20260801/raw/62093r/3D/62093r.cly","13_62093r_62093r.cly","aab4635e49938d503b31de55fd9783588960cd930014b3f9ef031a194ec435f4","8516764","mm","33.2384 44.7070 27.5808","","","","","","","","","","","","NOT_ANALYZED",""
"14","57296","dreamplastic-cly-20260801/raw/57296/3D/57296.cly","14_57296_57296.cly","effa9f51c04b21f54b380534b996ff3fdd1ee0eb1edefb5a5cbcc6d6b999bb19","4223544","mm","29.3904 62.1731 20.4048","","","","","","","","","","","","NOT_ANALYZED",""
"15","62093k","dreamplastic-cly-20260801/raw/62093k/3D/62093k.cly","15_62093k_62093k.cly","ad36030efac62cc99550e04dd99e02ff43529c9026a0d60606d61f2751268f81","3523856","mm","37.8976 45.0528 22.0896","","","","","","","","","","","","NOT_ANALYZED",""
"16","64805","dreamplastic-cly-20260801/raw/64805/3D/64805a.cly","16_64805_64805a.cly","d0c32a39f913293c44bcc86baa76d7134a530eacd509c87d054f458a2551f86f","9266000","mm","481.2895 108.6511 55.3832","","","","","","","","","","","","NOT_ANALYZED",""
"17","67219a","dreamplastic-cly-20260801/raw/67219a/3D/6721 9.cly","17_67219a_6721 9.cly","f7785a498db230d1ba101146a1104ce1c61700599d9932e53ca29d6f551d7b3c","1053680","mm","105.7912 99.8452 39.8780","","","","","","","","","","","","NOT_ANALYZED",""
"18","64379b","dreamplastic-cly-20260801/raw/64379b/3D/64379b.cly","18_64379b_64379b.cly","087c8a1a8d4cbdc88118636fe8605cc2a10b909242207650ad2675e09116e37f","3234668","mm","46.7960 61.1000 36.1400","","","","","","","","","","","","NOT_ANALYZED",""
"19","67067a","dreamplastic-cly-20260801/raw/67067a/3D/67067a.cly","19_67067a_67067a.cly","20cebe09ba734d8ee319ab9f4f811cf994a365ad2a4b1aca0a9b77b382b7f6a1","10070148","mm","59.5141 104.2014 36.9414","","","","","","","","","","","","NOT_ANALYZED",""
"20","62271a","dreamplastic-cly-20260801/raw/62271a/3D/62271a.cly","20_62271a_62271a.cly","725c8dab217054bb3f51418f9dcc92c4f438a605e724fb50dc17471399510ae6","990824","mm","42.5152 21.2160 27.2064","","","","","","","","","","","","NOT_ANALYZED",""
"21","64379f","dreamplastic-cly-20260801/raw/64379f/3D/64379f.cly","21_64379f_64379f.cly","23928b73d4370053e231b8175dfad01559ce702500527743224e0ea581736bf4","10421336","mm","43.4893 54.5704 33.6440","","","","","","","","","","","","NOT_ANALYZED",""
"22","10663","dreamplastic-cly-20260801/raw/10663/3D/10663.1.cly","22_10663_10663.1.cly","d28c143e942eae5cf852723884e059c64766c10af235cdbc76e1b7fc5c82771c","9663632","mm","36.3500 47.7540 28.3500","","","","","","","","","","","","NOT_ANALYZED",""
"23","67512","dreamplastic-cly-20260801/raw/67512/3D/67512.cly","23_67512_67512.cly","d24a5900d8775aa0eecfbb181c5db052f1850e579ef202db6f077ca47d4f07ab","10923868","mm","77.7890 84.5939 69.0885","","","","","","","","","","","","NOT_ANALYZED",""
"24","65989b","dreamplastic-cly-20260801/raw/65989b/3D/65989.cly","24_65989b_65989.cly","62ef2aa02b045f2e9f5a7e880b030ae3d381927a6b3e1d3b2bc211301c2e3cad","9935140","mm","45.8432 108.5251 57.2657","","","","","","","","","","","","NOT_ANALYZED",""
"25","62859b","dreamplastic-cly-20260801/raw/62859b/3D/62859b.cly","25_62859b_62859b.cly","5474577b07bbbaac5997446fc96c4e0d109f162795d8b45c7d18f7996ce06ed3","11323388","mm","53.9350 62.3936 39.8439","","","","","","","","","","","","NOT_ANALYZED",""
"26","50816ab","dreamplastic-cly-20260801/raw/50816ab/3D/50816ab.cly","26_50816ab_50816ab.cly","534e905ebcb18961e0350fcfecdacbd5cb593c0213b0f5696347e7d873c911b1","7825316","mm","36.9337 44.7221 29.5000","","","","","","","","","","","","NOT_ANALYZED",""
"27","66390","dreamplastic-cly-20260801/raw/66390/3D/66390.cly","27_66390_66390.cly","f619944c66e6b229571192e93641e6b75bc5bdbd5c8e05c044d0f323fde5442c","10712972","mm","46.6506 105.4908 55.0317","","","","","","","","","","","","NOT_ANALYZED",""
"28","63903a","dreamplastic-cly-20260801/raw/63903a/3D/63903a.cly","28_63903a_63903a.cly","b2dd332623ec034569da7add6107dd61bd168dddf821acbf90cc4bcd98ea7629","11733644","mm","422.6174 96.5299 49.9090","","","","","","","","","","","","NOT_ANALYZED",""
"29","61370","dreamplastic-cly-20260801/raw/61370/61370/3D/61370.cly","29_61370_61370.cly","0d43878c4a09479b94f8624f452184fdb0fc17a8c0c103c13590ac0a21187e13","565312","mm","37.3776 51.8331 29.3904","","","","","","","","","","","","NOT_ANALYZED",""
"30","60696a","dreamplastic-cly-20260801/raw/60696a/3D/60696.cly","30_60696a_60696.cly","f453ec7d15fd705693016fa7c75ee7856f52a3214d3122cec676d5908dc1e4d7","12251720","mm","47.1054 108.2536 43.3154","","","","","","","","","","","","NOT_ANALYZED",""
"31","64539a","dreamplastic-cly-20260801/raw/64539a/3D/64539a.cly","31_64539a_64539a.cly","61f12276c988ef43a1196af63d4ec4ffd44c746fbe28a78a1d5cc0b17f40368c","12458972","mm","45.7080 71.5000 48.2040","","","","","","","","","","","","NOT_ANALYZED",""
"32","65015a","dreamplastic-cly-20260801/raw/65015a/3D/65015 a.cly","32_65015a_65015 a.cly","ff28a927902738efe970292d65670a297bdb24fb892aa54d15f167162d96604e","715448","mm","26.7176 16.8168 29.6296","","","","","","","","","","","","NOT_ANALYZED",""
"33","62281e","dreamplastic-cly-20260801/raw/62281e/3D/62281e.cly","33_62281e_62281e.cly","aad0f1c643b576ab28a28bc7a65d8403cbdad1a4ac162a50644084f383528374","11903976","mm","63.6008 103.0804 55.3832","","","","","","","","","","","","NOT_ANALYZED",""
"34","65977a-b","dreamplastic-cly-20260801/raw/65977a-b/3D/65977a.cly","34_65977a-b_65977a.cly","00743f920be61d1f0b53be977e25f88fee35020fbce0d68e003875edd6dba042","1483300","mm","57.5439 93.9141 44.1229","","","","","","","","","","","","NOT_ANALYZED",""
"35","62786a","dreamplastic-cly-20260801/raw/62786a/3D/62786.cly","35_62786a_62786.cly","d2c51e5883744b3f1dfab0f2ed60a0070b1550a0b32b62a1cd5ae7ebde3741aa","5065676","mm","45.3544 103.0952 48.7942","","","","","","","","","","","","NOT_ANALYZED",""
"36","62352a","dreamplastic-cly-20260801/raw/62352a/3D/62352.cly","36_62352a_62352.cly","fff2cd37297dbcd7e7adbf6528b1d19996156b93389820a881864c47acf24cb0","13087892","mm","49.5235 98.8901 37.0215","","","","","","","","","","","","NOT_ANALYZED",""
"37","66374b","dreamplastic-cly-20260801/raw/66374b/3D/66374a.cly","37_66374b_66374a.cly","62d44bf50f95ef5c4abd6186be99a30486f49e829753c81efda9036e23f43e17","3614376","mm","37.8560 61.1520 35.8592","","","","","","","","","","","","NOT_ANALYZED",""
"38","62090T","dreamplastic-cly-20260801/raw/62090T/3D/62090t.cly","38_62090T_62090t.cly","bb88f75ac1c4c0296ecfc3c4d43f0bcceeeb9f5691f264262c1ea96ab1836478","1719452","mm","33.9095 43.6597 29.1720","","","","","","","","","","","","NOT_ANALYZED",""
"39","65401","dreamplastic-cly-20260801/raw/65401/3D/65401.cly","39_65401_65401.cly","f5f17a579e43418fd2c5e443b83775e079bffa55f0d955e0e6e6082153b1d245","4671792","mm","50.7500 32.3500 32.7500","","","","","","","","","","","","NOT_ANALYZED",""
"40","65723","dreamplastic-cly-20260801/raw/65723/3D/65723.cly","40_65723_65723.cly","f9ea1ab729c3e23b02900ea6dbfe92365f3046655a3163d72ba795deebe8ef73","6988300","mm","70.9410 100.3351 62.3810","","","","","","","","","","","","NOT_ANALYZED",""
"41","62485c","dreamplastic-cly-20260801/raw/62485c/3D/62485c.cly","41_62485c_62485c.cly","2d6f793bfe2cf460c3a11fbe838d7895ceffd3e401d2f4aaeab37caaad4e486f","7022328","mm","78.3391 107.6295 62.1000","","","","","","","","","","","","NOT_ANALYZED",""
"42","62090n","dreamplastic-cly-20260801/raw/62090n/3D/62090n.cly","42_62090n_62090n.cly","6a8eca47306b61382181fd3d6c995583337d6550316e2a0fe78363ff66ce2a0b","2425048","mm","47.8816 41.8912 26.5824","","","","","","","","","","","","NOT_ANALYZED",""
"43","61059a","dreamplastic-cly-20260801/raw/61059a/3D/61059A.cly","43_61059a_61059A.cly","b9e33f841136c9f3568d6ed9d8adc9aebc958d3ba98b7d1308cb1f649cd1446b","3007328","mm","37.8768 46.8624 31.8864","","","","","","","","","","","","NOT_ANALYZED",""
"44","64200a","dreamplastic-cly-20260801/raw/64200a/3D/64200a.cly","44_64200a_64200a.cly","b52c04347b29b75445f70d4daf3404bfe1b7eeb3b165c985315d056094fc5a9d","14215960","mm","290.4800 127.9200 58.8000","","","","","","","","","","","","NOT_ANALYZED",""
"45","65047a","dreamplastic-cly-20260801/raw/65047a/3D/65047a.cly","45_65047a_65047a.cly","950759151832fde9c094dae91993376a947e3da61c7b9b4e28db16fa68e4dec5","2919932","mm","35.5719 35.7240 25.6913","","","","","","","","","","","","NOT_ANALYZED",""
"46","62401f","dreamplastic-cly-20260801/raw/62401f/3D/62401f.cly","46_62401f_62401f.cly","6afb219a9ae48e865034f409adbf6a22da1c480f1c7e87b13a8979269903b5a0","2559300","mm","30.4211 76.0125 29.4073","","","","","","","","","","","","NOT_ANALYZED",""
"47","64324","dreamplastic-cly-20260801/raw/64324/3D/64324.cly","47_64324_64324.cly","c5b87ae1ea763673498dae1d88d9b17fb149f5a9f8d40dd39214c25f256c594c","15994448","mm","89.8158 102.2009 37.9422","","","","","","","","","","","","NOT_ANALYZED",""
"48","64961","dreamplastic-cly-20260801/raw/64961/3D/64961a.cly","48_64961_64961a.cly","7ab2299147b91f593cb524842ea4c4b40913c90972b174c4628f245167bc729d","17250348","mm","286.2833 111.3174 63.0269","","","","","","","","","","","","NOT_ANALYZED",""
"49","65776c","dreamplastic-cly-20260801/raw/65776c/3D/65776c.cly","49_65776c_65776c.cly","fd4036017d28e8b5ae1634c332bfd11003cf4f4a7cbbbd76ac681d8af44a2aea","9403456","mm","67.0248 115.4222 60.1768","","","","","","","","","","","","NOT_ANALYZED",""
"50","60959a","dreamplastic-cly-20260801/raw/60959a/3D/60959a.cly","50_60959a_60959a.cly","ddf7c77aed199a341d4ce115729ccc517674f4ede30f42d8789166e16db39cda","5011664","mm","211.3294 47.6977 66.0237","","","","","","","","","","","","NOT_ANALYZED",""
